,Unnamed: 0,K,y_mean,p,variance,variance_verdoja,our_formula
0,0,5,1,0.001,0.0002419852843168,0.00020012006402559998,1.792434061855609e-13
1,1,5,1,0.05,1.7659275664980797e-05,0.010308159722222222,9.82229736805879e-10
2,2,5,1,0.1,7.520966915635225e-05,0.021266540642722122,3.1009656090108e-09
3,3,5,1,0.2,0.0001380202421126,0.045351473922902494,8.866655232836083e-09
4,4,5,1,0.3,0.0004412132069036,0.0727146814404432,1.5751428851079803e-08
5,5,5,1,0.5,0.0006542549422114,0.1388888888888889,3.134095880853779e-08
6,6,5,1,0.7,0.0012886690753209,0.2169421487603306,4.837455359602397e-08
7,7,5,1,0.8,0.0014526775519874,0.2469135802469135,5.725284225774247e-08
8,8,5,1,0.9,0.0012119409892527,0.22959183673469385,6.631800650752489e-08
9,9,5,10,0.001,0.0088634257675961,0.020012006402559998,1.7924340618556088e-09
10,10,5,10,0.05,0.0074495972342677,1.0308159722222223,9.822297368058788e-06
11,11,5,10,0.1,7.441613205665919e-05,2.1266540642722123,3.1009656090108e-05
12,12,5,10,0.2,3.965017983383522e-05,4.535147392290249,8.866655232836082e-05
13,13,5,10,0.3,0.0001408285585685,7.271468144044321,0.00015751428851079805
14,14,5,10,0.5,9.947713771863712e-05,13.88888888888889,0.0003134095880853779
15,15,5,10,0.7,0.0001389656728961,21.69421487603306,0.00048374553596023973
16,16,5,10,0.8,0.0002555679546986,24.69135802469135,0.0005725284225774246
17,17,5,10,0.9,0.0009243003278512,22.959183673469386,0.0006631800650752489
18,18,5,100,0.001,1.2443322879913834,2.0012006402559996,1.792434061855609e-05
19,19,5,100,0.05,56.85961701463189,103.08159722222223,0.0982229736805879
20,20,5,100,0.1,104.96365717462491,212.6654064272212,0.31009656090108
21,21,5,100,0.2,186.29106722719268,453.51473922902494,0.8866655232836084
22,22,5,100,0.3,249.6356288767821,727.146814404432,1.5751428851079803
23,23,5,100,0.5,312.22210599546503,1388.888888888889,3.1340958808537787
24,24,5,100,0.7,238.17120710427776,2169.4214876033056,4.837455359602397
25,25,5,100,0.8,128.54267378566354,2469.135802469135,5.725284225774248
26,26,5,100,0.9,12.87750384935814,2295.918367346939,6.631800650752489
27,27,5,1000,0.001,71.51411642421182,200.12006402559996,0.1792434061855609
28,28,5,1000,0.05,3535.5999703658185,10308.159722222223,982.2297368058789
29,29,5,1000,0.1,7033.91465444168,21266.54064272212,3100.9656090107997
30,30,5,1000,0.2,14012.406459803724,45351.47392290249,8866.655232836083
31,31,5,1000,0.3,20807.307821585237,72714.6814404432,15751.428851079803
32,32,5,1000,0.5,34532.148929020965,138888.88888888888,31340.958808537787
33,33,5,1000,0.7,48082.13921553663,216942.1487603306,48374.55359602397
34,34,5,1000,0.8,55005.52769042678,246913.58024691348,57252.84225774247
35,35,5,1000,0.9,61001.81754702683,229591.83673469385,66318.00650752489
36,36,10,1,0.001,0.0001970572188799,0.00010008006304863649,2.4632587971770052e-11
37,37,10,1,0.05,0.0002796293311812,0.005208190564951617,4.7017247675592664e-09
38,38,10,1,0.1,0.0001935440455091,0.010868252626494386,1.0161319714307902e-08
39,39,10,1,0.2,0.0003493150532961,0.023795359904818562,2.1487373894763177e-08
40,40,10,1,0.3,0.0003526032477522,0.039407018202289354,3.304500084553379e-08
41,41,10,1,0.5,0.0006649918021298,0.08264462809917356,5.647882756599883e-08
42,42,10,1,0.7,0.0018589741528101,0.1533966398831264,8.014171336283597e-08
43,43,10,1,0.8,0.0027735408066685,0.2040816326530612,9.20270846749926e-08
44,44,10,1,0.9,0.0048716455330802,0.24930747922437668,1.039394932968826e-07
45,45,10,10,0.001,0.0063762127910433,0.01000800630486365,2.463258797177005e-07
46,46,10,10,0.05,0.043269907952409,0.5208190564951618,4.701724767559266e-05
47,47,10,10,0.1,0.0062132351021856,1.0868252626494386,0.000101613197143079
48,48,10,10,0.2,0.0001629527285459,2.3795359904818563,0.00021487373894763176
49,49,10,10,0.3,0.0002564043393248,3.9407018202289357,0.00033045000845533787
50,50,10,10,0.5,0.0005829236615014,8.264462809917354,0.0005647882756599883
51,51,10,10,0.7,0.0010847835257785,15.33966398831264,0.0008014171336283596
52,52,10,10,0.8,0.0006677315457899,20.408163265306122,0.0009202708467499259
53,53,10,10,0.9,0.0010078493692817,24.93074792243767,0.001039394932968826
54,54,10,100,0.001,0.7199322214733098,1.000800630486365,0.002463258797177005
55,55,10,100,0.05,36.75042956501663,52.08190564951618,0.47017247675592666
56,56,10,100,0.1,70.40125123631081,108.68252626494386,1.0161319714307901
57,57,10,100,0.2,134.73233917912927,237.95359904818562,2.148737389476318
58,58,10,100,0.3,195.32951782218188,394.07018202289356,3.304500084553378
59,59,10,100,0.5,298.82220253853563,826.4462809917355,5.647882756599882
60,60,10,100,0.7,332.95815513130805,1533.9663988312639,8.014171336283596
61,61,10,100,0.8,268.69939567877975,2040.816326530612,9.20270846749926
62,62,10,100,0.9,102.22398918587244,2493.0747922437668,10.39394932968826
63,63,10,1000,0.001,77.5951896995267,100.08006304863649,24.63258797177005
64,64,10,1000,0.05,4299.919273804324,5208.1905649516175,4701.724767559266
65,65,10,1000,0.1,8864.725750856667,10868.252626494386,10161.319714307901
66,66,10,1000,0.2,18779.609819103167,23795.35990481856,21487.37389476318
67,67,10,1000,0.3,29732.492971442814,39407.01820228935,33045.00084553379
68,68,10,1000,0.5,53685.95456275865,82644.62809917355,56478.82756599883
69,69,10,1000,0.7,80087.92025452411,153396.6398831264,80141.71336283596
70,70,10,1000,0.8,93384.2382277122,204081.63265306118,92027.0846749926
71,71,10,1000,0.9,105928.12643528351,249307.47922437667,103939.49329688259
72,72,100,1,0.001,6.933163633426897e-05,1.0009809612418185e-05,7.458745104009229e-18
73,73,100,1,0.05,0.000998193215864,0.0005257622099279956,1.3911781120448185e-12
74,74,100,1,0.1,0.0018576832812198,0.0011086460844468042,1.3708180820865252e-11
75,75,100,1,0.2,0.0040430716354943,0.0024875467192368205,1.5020817275268214e-10
76,76,100,1,0.3,0.0055154676951092,0.004249214401194637,6.570666793193908e-10
77,77,100,1,0.5,0.0107475387141718,0.009802960494069209,4.767113882543237e-09
78,78,100,1,0.7,0.0201338457562897,0.02228140351621768,1.9640043489728734e-08
79,79,100,1,0.8,0.0275383012751046,0.03698224852071005,3.564489785812678e-08
80,80,100,1,0.9,0.046842292359112,0.07575119939399039,6.153730014887179e-08
81,81,100,10,0.001,0.0009847452164786,0.0010009809612418184,7.458745104009228e-14
82,82,100,10,0.05,0.0367819776784604,0.05257622099279956,1.3911781120448181e-08
83,83,100,10,0.1,0.0605697018751463,0.11086460844468042,1.3708180820865249e-07
84,84,100,10,0.2,0.0793275116587016,0.24875467192368203,1.5020817275268211e-06
85,85,100,10,0.3,0.0708081703774251,0.4249214401194637,6.5706667931939085e-06
86,86,100,10,0.5,0.0239045945932031,0.9802960494069209,4.767113882543237e-05
87,87,100,10,0.7,0.0185202571386954,2.2281403516217684,0.00019640043489728732
88,88,100,10,0.8,0.0291654178382941,3.6982248520710046,0.00035644897858126776
89,89,100,10,0.9,0.0473342406683463,7.5751199393990385,0.0006153730014887179
90,90,100,100,0.001,0.0967631610681721,0.10009809612418184,7.458745104009228e-10
91,91,100,100,0.05,4.8530522061841,5.257622099279955,0.00013911781120448186
92,92,100,100,0.1,9.990421855604447,11.086460844468041,0.001370818082086525
93,93,100,100,0.2,21.684208550970293,24.875467192368202,0.015020817275268213
94,94,100,100,0.3,35.557234865696266,42.49214401194637,0.06570666793193908
95,95,100,100,0.5,73.71718160070233,98.0296049406921,0.4767113882543237
96,96,100,100,0.7,144.5877437760814,222.81403516217682,1.9640043489728733
97,97,100,100,0.8,211.59636177732264,369.8224852071005,3.5644897858126785
98,98,100,100,0.9,319.3999947238372,757.511993939904,6.153730014887179
99,99,100,1000,0.001,9.831700939510432,10.009809612418184,7.458745104009229e-06
100,100,100,1000,0.05,512.8229733776768,525.7622099279955,1.3911781120448183
101,101,100,1000,0.1,1076.5305897759242,1108.6460844468043,13.70818082086525
102,102,100,1000,0.2,2409.735504854393,2487.5467192368205,150.20817275268212
103,103,100,1000,0.3,4085.167998955875,4249.214401194637,657.0666793193908
104,104,100,1000,0.5,9244.896952292149,9802.96049406921,4767.113882543237
105,105,100,1000,0.7,20940.80765633154,22281.403516217684,19640.04348972873
106,106,100,1000,0.8,34284.24047344066,36982.24852071005,35644.89785812678
107,107,100,1000,0.9,67947.17632260358,75751.19939399039,61537.300148871785
108,108,500,1,0.001,0.0001231915192211,2.0019939860020423e-06,7.868650321319356e-21
109,109,500,1,0.05,0.0044437362451252,0.00010524100072847821,1.0540879102947826e-15
110,110,500,1,0.1,0.0102126260361188,0.00022212348970218225,8.722889858392325e-15
111,111,500,1,0.2,0.0231111252540781,0.0004995003747501562,7.323938728148021e-14
112,112,500,1,0.3,0.0302448416511139,0.0008556753564437936,2.566266814320616e-13
113,113,500,1,0.5,0.0903065792658231,0.0019920239361596167,1.2617890551793828e-12
114,114,500,1,0.7,0.1767393833031482,0.004623414113918283,3.638404518097891e-12
115,115,500,1,0.8,0.2899397271537203,0.007873519778281683,5.553646522227381e-12
116,116,500,1,0.9,0.5675129477618867,0.017369085343965786,8.075839450392583e-12
117,117,500,10,0.001,0.0003174454006197,0.00020019939860020422,7.868650321319356e-17
118,118,500,10,0.05,0.0140524831164394,0.010524100072847821,1.0540879102947826e-11
119,119,500,10,0.1,0.0297460181677285,0.022212348970218225,8.722889858392324e-11
120,120,500,10,0.2,0.0653547465926523,0.04995003747501562,7.323938728148021e-10
121,121,500,10,0.3,0.1033504990384217,0.08556753564437936,2.5662668143206163e-09
122,122,500,10,0.5,0.2109663157329529,0.19920239361596168,1.2617890551793827e-08
123,123,500,10,0.7,0.3986979210620243,0.4623414113918283,3.638404518097891e-08
124,124,500,10,0.8,0.4594369650931721,0.7873519778281681,5.553646522227381e-08
125,125,500,10,0.9,0.7431604230079594,1.7369085343965784,8.075839450392583e-08
126,126,500,100,0.001,0.0199669750345706,0.02001993986002042,7.868650321319356e-13
127,127,500,100,0.05,1.0117282666241183,1.052410007284782,1.0540879102947828e-07
128,128,500,100,0.1,2.139163345168266,2.2212348970218225,8.722889858392325e-07
129,129,500,100,0.2,4.914443186529125,4.9950037475015625,7.323938728148022e-06
130,130,500,100,0.3,8.449174362184818,8.556753564437935,2.566266814320616e-05
131,131,500,100,0.5,19.24783213387988,19.92023936159617,0.00012617890551793826
132,132,500,100,0.7,41.027749731415575,46.23414113918283,0.00036384045180978906
133,133,500,100,0.8,67.29876344989522,78.73519778281683,0.0005553646522227382
134,134,500,100,0.9,130.32993288525074,173.69085343965784,0.0008075839450392583
135,135,500,1000,0.001,1.9823401837123344,2.001993986002042,7.868650321319356e-09
136,136,500,1000,0.05,105.0303649347554,105.24100072847821,0.0010540879102947827
137,137,500,1000,0.1,221.15823650717545,222.12348970218224,0.008722889858392325
138,138,500,1000,0.2,499.68530256258265,499.5003747501562,0.07323938728148022
139,139,500,1000,0.3,855.3032906442253,855.6753564437936,0.25662668143206163
140,140,500,1000,0.5,1977.7622480265825,1992.0239361596168,1.2617890551793827
141,141,500,1000,0.7,4517.577795360746,4623.414113918283,3.6384045180978903
142,142,500,1000,0.8,7726.994087986407,7873.519778281682,5.553646522227381
143,143,500,1000,0.9,16592.746880976476,17369.085343965784,8.075839450392582
144,144,1000,1,0.001,0.0001980507540555,1.0009989969980022e-06,4.682077224453341e-22
145,145,1000,1,0.05,0.0102576544266042,5.262603921851429e-05,6.055266772190609e-17
146,146,1000,1,0.1,0.0225605001972334,0.00011108642386770318,4.924943586211139e-16
147,147,1000,1,0.2,0.0554680907679039,0.00024987504685937986,4.0336049455693404e-15
148,148,1000,1,0.3,0.0974423925494425,0.0004282043176493851,1.386233288853127e-14
149,149,1000,1,0.5,0.25326122902461,0.000998002996004994,6.605943390721166e-14
150,150,1000,1,0.7,0.6952870013535286,0.002322482437332512,1.8560477547135509e-13
151,151,1000,1,0.8,0.9442331514251664,0.003968190981095537,2.8000388789036734e-13
152,152,1000,1,0.9,2.3111346984309504,0.008840161048089492,4.0267279639135384e-13
153,153,1000,10,0.001,0.0002860327630899,0.00010009989969980022,4.682077224453341e-18
154,154,1000,10,0.05,0.0150611399713506,0.005262603921851429,6.055266772190608e-13
155,155,1000,10,0.1,0.0328802681368848,0.011108642386770317,4.924943586211138e-12
156,156,1000,10,0.2,0.0757663645422718,0.024987504685937988,4.03360494556934e-11
157,157,1000,10,0.3,0.1423191551782583,0.042820431764938514,1.386233288853127e-10
158,158,1000,10,0.5,0.3612646953109075,0.0998002996004994,6.605943390721165e-10
159,159,1000,10,0.7,0.7302803786824229,0.23224824373325123,1.856047754713551e-09
160,160,1000,10,0.8,1.2802610838648938,0.3968190981095537,2.800038878903673e-09
161,161,1000,10,0.9,2.650795877743929,0.8840161048089491,4.026727963913538e-09
162,162,1000,100,0.001,0.0100791758427453,0.01000998996998002,4.682077224453341e-14
163,163,1000,100,0.05,0.5492909806503364,0.5262603921851429,6.055266772190609e-09
164,164,1000,100,0.1,1.1608467168158083,1.1108642386770318,4.924943586211139e-08
165,165,1000,100,0.2,2.611661101744425,2.4987504685937987,4.0336049455693403e-07
166,166,1000,100,0.3,4.514817647398458,4.282043176493851,1.386233288853127e-06
167,167,1000,100,0.5,10.497707935556916,9.98002996004994,6.605943390721165e-06
168,168,1000,100,0.7,24.820333769663502,23.224824373325124,1.8560477547135508e-05
169,169,1000,100,0.8,41.75178290380962,39.68190981095537,2.8000388789036738e-05
170,170,1000,100,0.9,84.36099551046053,88.40161048089492,4.026727963913538e-05
171,171,1000,1000,0.001,0.996801558554341,1.000998996998002,4.682077224453341e-10
172,172,1000,1000,0.05,52.60291598790655,52.626039218514286,6.0552667721906086e-05
173,173,1000,1000,0.1,110.84574549321856,111.08642386770318,0.0004924943586211138
174,174,1000,1000,0.2,249.03955540739193,249.87504685937986,0.00403360494556934
175,175,1000,1000,0.3,428.3580032535865,428.20431764938513,0.013862332888531271
176,176,1000,1000,0.5,1004.7992031216032,998.002996004994,0.06605943390721165
177,177,1000,1000,0.7,2354.246003340866,2322.4824373325123,0.18560477547135507
178,178,1000,1000,0.8,4014.7028771836626,3968.1909810955367,0.28000388789036734
179,179,1000,1000,0.9,8827.037055014056,8840.16104808949,0.4026727963913538
